{"stats":{"minecraft:dropped":{"alexsmobs:animal_dictionary":1},"minecraft:used":{"minecraft:anvil":1},"minecraft:custom":{"minecraft:jump":3,"minecraft:time_since_rest":28573,"minecraft:crouch_one_cm":253,"minecraft:play_one_minute":28573,"minecraft:leave_game":1,"minecraft:sprint_one_cm":4581,"minecraft:damage_taken":22,"minecraft:time_since_death":28573,"minecraft:walk_one_cm":1288,"minecraft:sneak_time":138,"minecraft:interact_with_anvil":1,"minecraft:drop":1,"minecraft:fly_one_cm":180050}},"DataVersion":2586}