{"stats":{"minecraft:used":{"minecraft:diamond_pickaxe":40,"minecraft:diamond_shovel":12,"minecraft:iron_axe":7,"minecraft:bread":2,"minecraft:spruce_planks":4,"minecraft:torch":2,"minecraft:crafting_table":2,"alexsmobs:animal_dictionary":1,"butchersdelight:cookedsheeprack":1},"minecraft:picked_up":{"minecraft:crafting_table":2,"minecraft:andesite":6,"minecraft:cyan_bed":1,"minecraft:dirt":12,"minecraft:rotten_flesh":2,"tombstone:magic_scroll":1,"minecraft:cobblestone":15},"minecraft:mined":{"minecraft:andesite":6,"minecraft:crafting_table":2,"minecraft:grass_block":2,"create:gabbro":17,"minecraft:dirt":10,"minecraft:cyan_bed":1,"minecraft:stone":17,"minecraft:oak_leaves":1},"minecraft:dropped":{"minecraft:bone":1},"minecraft:crafted":{"minecraft:diamond_pickaxe":1,"minecraft:shield":1,"minecraft:crafting_table":1,"minecraft:spruce_planks":128,"minecraft:stick":16,"minecraft:diamond_shovel":1,"minecraft:torch":48},"minecraft:killed":{"minecraft:zombie":2},"minecraft:custom":{"minecraft:time_since_rest":4863,"minecraft:sprint_one_cm":33448,"minecraft:damage_taken":233,"minecraft:walk_one_cm":16752,"minecraft:mob_kills":2,"minecraft:drop":1,"minecraft:damage_dealt":312,"minecraft:interact_with_crafting_table":2,"minecraft:fly_one_cm":175917,"minecraft:open_chest":5,"minecraft:crouch_one_cm":15,"minecraft:play_one_minute":32734,"tombstone:undead_killed":2,"minecraft:sneak_time":309,"minecraft:walk_under_water_one_cm":3290,"minecraft:jump":81,"minecraft:leave_game":3,"minecraft:walk_on_water_one_cm":1090,"minecraft:time_since_death":32734,"minecraft:sleep_in_bed":1,"minecraft:fall_one_cm":2664}},"DataVersion":2586}